target,collocate,exp_local,obs_local,ratio_local,obs_global,p_value
祥子,什么,48.77016478751084,68,1.3942950633091478,297,0.0015359324863329915
祥子,这个,27.91558253830587,57,2.0418703396851696,170,1.4997101338565244e-08
祥子,先生,25.945070829719572,45,1.7344334997325725,158,6.801753942187183e-05
祥子,心中,25.616652211621854,43,1.6785956121343446,156,0.00022379990357879187
祥子,不是,21.675628794449263,37,1.7069862355953904,132,0.0004301058771378763
祥子,虎妞,26.273489447817287,36,1.3702024647887325,160,0.025079037545269856
祥子,这么,25.616652211621854,35,1.3662987540628386,156,0.02805374067975086
祥子,知道,24.302977739230993,33,1.3578582984392842,148,0.03508932233297468
祥子,出来,18.55565192252096,31,1.6706500062320828,113,0.001823515637198847
祥子,老头子,12.64411679676207,25,1.9772041338942747,77,0.00034401008249507203
祥子,拉车,15.599884359641514,23,1.4743699036323203,95,0.030643305769417872
祥子,看见,11.330442324371205,22,1.9416717697489285,69,0.0010184246839833877
祥子,那个,12.479907487713213,20,1.6025759822090435,76,0.01795768097592043
祥子,咱们,8.374674761491761,20,2.388152444076222,51,7.342948258859394e-05
祥子,怎么,7.225209598149754,19,2.6296814980793854,44,2.2445481558386327e-05
祥子,高妈,6.568372361954322,16,2.4359154929577467,40,0.0002962643450602487
祥子,明白,8.703093379589477,15,1.7235251129418017,53,0.0199865900752092
祥子,多少,7.389418907198612,14,1.894600938967136,45,0.010351641010137302
祥子,这儿,6.239953743856606,14,2.243606375092661,38,0.001824221790671876
祥子,老程,6.075744434807748,14,2.3042443852303007,37,0.0013515766775226146
祥子,事情,6.73258167100318,13,1.9309086224665064,41,0.011222078107223088
祥子,一眼,5.91153512575889,13,2.1990903755868545,36,0.00324188094713751
祥子,看著,7.225209598149754,12,1.660851472471191,44,0.04632954866788852
祥子,脸上,6.896790980052038,12,1.7399396378269618,42,0.03309836521603049
祥子,侦探,4.433651344319167,12,2.706572769953052,27,0.0005485825120806753
祥子,不管,6.404163052905464,11,1.7176327193932828,39,0.044158148967353705
祥子,哪儿,3.9410234171725933,11,2.7911531690140845,24,0.0006802802791097129
祥子,一句,4.105232726221451,11,2.679507042253521,25,0.0010375733612066895
祥子,声音,4.9262792714657415,10,2.0299295774647885,30,0.017423607752180437
祥子,便宜,3.284186180977161,10,3.0448943661971835,20,0.0005070144397216115
祥子,女儿,5.254697889563458,10,1.9030589788732395,32,0.027523424736290658
祥子,多么,4.105232726221451,9,2.192323943661972,25,0.013980564654061056
祥子,自从,3.9410234171725933,9,2.2836707746478875,24,0.01042639123570055
祥子,那里,4.269442035270309,9,2.1080037919826653,26,0.018356463354594066
祥子,找到,4.762069962416883,9,1.889934434191355,29,0.03731961303795661
祥子,意思,3.612604799074877,9,2.4912772087067863,22,0.005392143689502804
祥子,事儿,3.9410234171725933,8,2.0299295774647885,24,0.03222743712794551
祥子,听见,2.791558253830587,8,2.865782932891466,17,0.0030717769332315736
祥子,工夫,3.119976871928303,7,2.243606375092661,19,0.025694318200779165
祥子,打听,2.1347210176351545,7,3.279117009750813,13,0.002146929241790096
祥子,本来,3.119976871928303,7,2.243606375092661,19,0.025694318200779165
祥子,哆嗦,3.448395490026019,7,2.029929577464789,21,0.04414962856640581
祥子,高兴,3.284186180977161,7,2.1314260563380283,20,0.034100173798617406
祥子,表示,2.2989303266840126,6,2.609909456740443,14,0.017574537841834936
祥子,口气,2.627348944781729,6,2.2836707746478875,16,0.03504083305187966
祥子,怎能,2.1347210176351545,6,2.8106717226435536,13,0.011625185479734679
祥子,一步,2.4631396357328708,6,2.4359154929577467,15,0.025319345454148712
祥子,交给,2.627348944781729,6,2.2836707746478875,16,0.03504083305187966
祥子,好好,2.4631396357328708,6,2.4359154929577467,15,0.025319345454148712
祥子,好处,2.4631396357328708,6,2.4359154929577467,15,0.025319345454148712
祥子,刘四,2.4631396357328708,6,2.4359154929577467,15,0.025319345454148712
祥子,言语,1.9705117085862967,6,3.044894366197183,12,0.007250605677185915
祥子,说祥子,0.9852558542931483,5,5.074823943661972,6,0.00060999695179125
祥子,就算,1.3136744723908644,5,3.806117957746479,8,0.004260293776561776
祥子,不好,2.1347210176351545,5,2.3422264355362947,13,0.04803987152056011
祥子,休息,1.8063023995374385,5,2.7680857874519846,11,0.022874382470589483
祥子,这辆,1.9705117085862967,5,2.537411971830986,12,0.03403422303990844
祥子,半年,0.9852558542931483,5,5.074823943661972,6,0.00060999695179125
祥子,微微,2.1347210176351545,5,2.3422264355362947,13,0.04803987152056011
祥子,真是,1.6420930904885804,5,3.0448943661971835,10,0.014386784806379773
祥子,一件,1.3136744723908644,5,3.806117957746479,8,0.004260293776561776
祥子,成功,1.1494651633420063,5,4.349849094567404,7,0.0018462203050016919
祥子,不准,1.8063023995374385,5,2.7680857874519846,11,0.022874382470589483
祥子,眼看,1.9705117085862967,5,2.537411971830986,12,0.03403422303990844
祥子,真想,1.9705117085862967,5,2.537411971830986,12,0.03403422303990844
祥子,摇头,1.9705117085862967,5,2.537411971830986,12,0.03403422303990844
祥子,小子,1.6420930904885804,5,3.0448943661971835,10,0.014386784806379773
祥子,一同,1.6420930904885804,5,3.0448943661971835,10,0.014386784806379773
祥子,书房,1.6420930904885804,5,3.0448943661971835,10,0.014386784806379773
祥子,玩艺,1.6420930904885804,5,3.0448943661971835,10,0.014386784806379773
祥子,低声,1.4778837814397225,5,3.3832159624413145,9,0.008300771427032233
祥子,发著,1.3136744723908644,5,3.806117957746479,8,0.004260293776561776
祥子,自行车,1.8063023995374385,5,2.7680857874519846,11,0.022874382470589483
祥子,早早,1.3136744723908644,4,3.044894366197183,8,0.02898314549970288
祥子,不如,1.3136744723908644,4,3.044894366197183,8,0.02898314549970288
祥子,原来,1.4778837814397225,4,2.7065727699530515,9,0.045529044761910664
祥子,毛钱,1.4778837814397225,4,2.7065727699530515,9,0.045529044761910664
祥子,是不是,1.4778837814397225,4,2.7065727699530515,9,0.045529044761910664
祥子,大兵,1.3136744723908644,4,3.044894366197183,8,0.02898314549970288
祥子,猜想,0.6568372361954322,4,6.089788732394366,4,0.0007206885285634172
祥子,早就,1.1494651633420063,4,3.4798792756539236,7,0.016621719638240412
祥子,指著,0.9852558542931483,4,4.059859154929577,6,0.008178577162039811
祥子,看祥子,0.8210465452442902,4,4.871830985915493,5,0.003132857021862728
祥子,想想,1.4778837814397225,4,2.7065727699530515,9,0.045529044761910664
祥子,拼命,1.4778837814397225,4,2.7065727699530515,9,0.045529044761910664
祥子,没敢,0.8210465452442902,4,4.871830985915493,5,0.003132857021862728
祥子,离开,1.1494651633420063,4,3.4798792756539236,7,0.016621719638240412
祥子,何必,1.3136744723908644,4,3.044894366197183,8,0.02898314549970288
祥子,铺盖卷,0.6568372361954322,4,6.089788732394366,4,0.0007206885285634172
祥子,嘴唇,1.3136744723908644,4,3.044894366197183,8,0.02898314549970288
祥子,堵著,0.8210465452442902,4,4.871830985915493,5,0.003132857021862728
祥子,差点,0.6568372361954322,3,4.567341549295775,4,0.015471205598192766
祥子,更大,0.8210465452442902,3,3.65387323943662,5,0.03397872846272728
祥子,吃喝,0.6568372361954322,3,4.567341549295775,4,0.015471205598192766
祥子,我要,0.6568372361954322,3,4.567341549295775,4,0.015471205598192766
祥子,一分,0.8210465452442902,3,3.65387323943662,5,0.03397872846272728
祥子,要不然,0.8210465452442902,3,3.65387323943662,5,0.03397872846272728
祥子,低下头去,0.6568372361954322,3,4.567341549295775,4,0.015471205598192766
祥子,马路,0.8210465452442902,3,3.65387323943662,5,0.03397872846272728
祥子,小褂,0.8210465452442902,3,3.65387323943662,5,0.03397872846272728
祥子,开张,0.6568372361954322,3,4.567341549295775,4,0.015471205598192766
祥子,抬起头来,0.6568372361954322,3,4.567341549295775,4,0.015471205598192766
祥子,自傲,0.8210465452442902,3,3.65387323943662,5,0.03397872846272728
祥子,一家,0.6568372361954322,3,4.567341549295775,4,0.015471205598192766
祥子,赶明儿,0.8210465452442902,3,3.65387323943662,5,0.03397872846272728
祥子,年头,0.49262792714657416,3,6.089788732394366,3,0.004408317795989817
祥子,没法子,0.6568372361954322,3,4.567341549295775,4,0.015471205598192766
祥子,亲热,0.8210465452442902,3,3.65387323943662,5,0.03397872846272728
祥子,可别,0.49262792714657416,3,6.089788732394366,3,0.004408317795989817
祥子,刚要,0.8210465452442902,3,3.65387323943662,5,0.03397872846272728
祥子,一毛钱,0.8210465452442902,3,3.65387323943662,5,0.03397872846272728
祥子,带来,0.6568372361954322,3,4.567341549295775,4,0.015471205598192766
祥子,右肘,0.49262792714657416,3,6.089788732394366,3,0.004408317795989817
祥子,夫妇,0.49262792714657416,3,6.089788732394366,3,0.004408317795989817
祥子,别嚷,0.6568372361954322,3,4.567341549295775,4,0.015471205598192766
祥子,难受,0.6568372361954322,3,4.567341549295775,4,0.015471205598192766
祥子,我会,0.49262792714657416,3,6.089788732394366,3,0.004408317795989817
祥子,躲开,0.8210465452442902,3,3.65387323943662,5,0.03397872846272728
祥子,跑不了,0.8210465452442902,3,3.65387323943662,5,0.03397872846272728
祥子,皮袄,0.6568372361954322,3,4.567341549295775,4,0.015471205598192766
祥子,吸烟,0.6568372361954322,3,4.567341549295775,4,0.015471205598192766
祥子,在家,0.8210465452442902,3,3.65387323943662,5,0.03397872846272728
祥子,城根,0.8210465452442902,3,3.65387323943662,5,0.03397872846272728
祥子,十一,0.3284186180977161,2,6.089788732394366,2,0.026925008163668964
祥子,十六,0.3284186180977161,2,6.089788732394366,2,0.026925008163668964
祥子,十九,0.3284186180977161,2,6.089788732394366,2,0.026925008163668964
祥子,二十二,0.3284186180977161,2,6.089788732394366,2,0.026925008163668964
祥子,二十三,0.3284186180977161,2,6.089788732394366,2,0.026925008163668964
祥子,有车,0.3284186180977161,2,6.089788732394366,2,0.026925008163668964
祥子,听听,0.3284186180977161,2,6.089788732394366,2,0.026925008163668964
祥子,合著,0.3284186180977161,2,6.089788732394366,2,0.026925008163668964
祥子,驳回,0.3284186180977161,2,6.089788732394366,2,0.026925008163668964
祥子,要坏,0.3284186180977161,2,6.089788732394366,2,0.026925008163668964
祥子,盯住,0.3284186180977161,2,6.089788732394366,2,0.026925008163668964
祥子,差不远,0.3284186180977161,2,6.089788732394366,2,0.026925008163668964
祥子,三十五块,0.3284186180977161,2,6.089788732394366,2,0.026925008163668964
祥子,笑话,0.3284186180977161,2,6.089788732394366,2,0.026925008163668964
祥子,晃晃悠悠,0.3284186180977161,2,6.089788732394366,2,0.026925008163668964
祥子,住宅,0.3284186180977161,2,6.089788732394366,2,0.026925008163668964
祥子,提到,0.3284186180977161,2,6.089788732394366,2,0.026925008163668964
祥子,一把死拿,0.3284186180977161,2,6.089788732394366,2,0.026925008163668964
祥子,找钱,0.3284186180977161,2,6.089788732394366,2,0.026925008163668964
祥子,开水,0.3284186180977161,2,6.089788732394366,2,0.026925008163668964
祥子,凝成,0.3284186180977161,2,6.089788732394366,2,0.026925008163668964
祥子,几点钟,0.3284186180977161,2,6.089788732394366,2,0.026925008163668964
祥子,牛脖子,0.3284186180977161,2,6.089788732394366,2,0.026925008163668964
祥子,进个,0.3284186180977161,2,6.089788732394366,2,0.026925008163668964
祥子,成天,0.3284186180977161,2,6.089788732394366,2,0.026925008163668964
祥子,辩驳,0.3284186180977161,2,6.089788732394366,2,0.026925008163668964
祥子,九个,0.3284186180977161,2,6.089788732394366,2,0.026925008163668964
祥子,已断,0.3284186180977161,2,6.089788732394366,2,0.026925008163668964
祥子,哪道,0.3284186180977161,2,6.089788732394366,2,0.026925008163668964
祥子,曹氏,0.3284186180977161,2,6.089788732394366,2,0.026925008163668964
祥子,善意,0.3284186180977161,2,6.089788732394366,2,0.026925008163668964
祥子,兜儿,0.3284186180977161,2,6.089788732394366,2,0.026925008163668964
祥子,已足,0.3284186180977161,2,6.089788732394366,2,0.026925008163668964
祥子,心想,0.3284186180977161,2,6.089788732394366,2,0.026925008163668964
祥子,没睡,0.3284186180977161,2,6.089788732394366,2,0.026925008163668964
祥子,等祥子,0.3284186180977161,2,6.089788732394366,2,0.026925008163668964
祥子,适当,0.3284186180977161,2,6.089788732394366,2,0.026925008163668964
祥子,三天三夜,0.3284186180977161,2,6.089788732394366,2,0.026925008163668964
祥子,行不行,0.3284186180977161,2,6.089788732394366,2,0.026925008163668964
祥子,往西,0.3284186180977161,2,6.089788732394366,2,0.026925008163668964
祥子,张著,0.3284186180977161,2,6.089788732394366,2,0.026925008163668964
祥子,一打,0.3284186180977161,2,6.089788732394366,2,0.026925008163668964
祥子,姥姥,0.3284186180977161,2,6.089788732394366,2,0.026925008163668964
祥子,过年,0.3284186180977161,2,6.089788732394366,2,0.026925008163668964
祥子,有事吗,0.3284186180977161,2,6.089788732394366,2,0.026925008163668964
祥子,一家子,0.3284186180977161,2,6.089788732394366,2,0.026925008163668964
祥子,挤挤,0.3284186180977161,2,6.089788732394366,2,0.026925008163668964
祥子,眼瞪得,0.3284186180977161,2,6.089788732394366,2,0.026925008163668964
祥子,怎会,0.3284186180977161,2,6.089788732394366,2,0.026925008163668964
祥子,跳过去,0.3284186180977161,2,6.089788732394366,2,0.026925008163668964
祥子,拾个,0.3284186180977161,2,6.089788732394366,2,0.026925008163668964
祥子,可真,0.3284186180977161,2,6.089788732394366,2,0.026925008163668964
祥子,搭讪,0.3284186180977161,2,6.089788732394366,2,0.026925008163668964
祥子,英雄好汉,0.3284186180977161,2,6.089788732394366,2,0.026925008163668964
祥子,扫地,0.3284186180977161,2,6.089788732394366,2,0.026925008163668964
祥子,心气,0.3284186180977161,2,6.089788732394366,2,0.026925008163668964
祥子,唬吓,0.3284186180977161,2,6.089788732394366,2,0.026925008163668964
祥子,挺起,0.3284186180977161,2,6.089788732394366,2,0.026925008163668964
祥子,长脸,0.3284186180977161,2,6.089788732394366,2,0.026925008163668964
祥子,一拉,0.3284186180977161,2,6.089788732394366,2,0.026925008163668964
祥子,新鲜,0.3284186180977161,2,6.089788732394366,2,0.026925008163668964
祥子,鼻中,0.3284186180977161,2,6.089788732394366,2,0.026925008163668964
祥子,青春,0.3284186180977161,2,6.089788732394366,2,0.026925008163668964
祥子,怀孕,0.3284186180977161,2,6.089788732394366,2,0.026925008163668964
祥子,要求,0.3284186180977161,2,6.089788732394366,2,0.026925008163668964
祥子,两三,0.3284186180977161,2,6.089788732394366,2,0.026925008163668964
祥子,笨手笨脚,0.3284186180977161,2,6.089788732394366,2,0.026925008163668964
祥子,好消息,0.3284186180977161,2,6.089788732394366,2,0.026925008163668964
祥子,著去,0.3284186180977161,2,6.089788732394366,2,0.026925008163668964
祥子,茶来,0.3284186180977161,2,6.089788732394366,2,0.026925008163668964
